{
  "linear_probe_Fm_gender": 0.9318181872367859,
  "linear_probe_Fk_gender": 0.6318181872367858,
  "disentanglement_gap_gender": 0.30000000000000004
}