{
  "fm_fdr": 0.19179576635360718,
  "fk_fdr": 0.08246225118637085,
  "fdr_ratio": 2.3258613922646183
}