{
  "WS": {
    "rank1": 0.7333333333333333,
    "rank5": 0.9022222222222223,
    "mAP": 0.8054442617149352,
    "eer": 0.07503121098626717,
    "eer_threshold": 0.03440178997881778,
    "cmc": [
      0.7333333333333333,
      0.8111111111111111,
      0.8422222222222222,
      0.8822222222222222,
      0.9022222222222223,
      0.9088888888888889,
      0.9288888888888889,
      0.9377777777777778,
      0.9444444444444444,
      0.9511111111111111,
      0.9533333333333334,
      0.9577777777777777,
      0.96,
      0.9644444444444444,
      0.9644444444444444,
      0.9666666666666667,
      0.9688888888888889,
      0.9688888888888889,
      0.9688888888888889,
      0.9711111111111111
    ],
    "n_probe": 450,
    "n_gallery": 90
  },
  "BGHT": {
    "rank1": 0.5388888888888889,
    "rank5": 0.7833333333333333,
    "mAP": 0.6506358458792669,
    "eer": 0.14515065913370997,
    "eer_threshold": 0.03947034039654889,
    "cmc": [
      0.5388888888888889,
      0.65,
      0.7,
      0.7333333333333333,
      0.7833333333333333,
      0.8166666666666667,
      0.8555555555555555,
      0.8666666666666667,
      0.8722222222222222,
      0.8888888888888888,
      0.9111111111111111,
      0.9222222222222223,
      0.9222222222222223,
      0.9277777777777778,
      0.9388888888888889,
      0.9388888888888889,
      0.9388888888888889,
      0.9444444444444444,
      0.95,
      0.9555555555555556
    ],
    "n_probe": 180,
    "n_gallery": 60
  },
  "CL": {
    "rank1": 0.5888888888888889,
    "rank5": 0.8444444444444444,
    "mAP": 0.7084829676496343,
    "eer": 0.14444444444444443,
    "eer_threshold": 0.03760387697019377,
    "cmc": [
      0.5888888888888889,
      0.7222222222222222,
      0.7777777777777778,
      0.8111111111111111,
      0.8444444444444444,
      0.8888888888888888,
      0.9,
      0.9333333333333333,
      0.9444444444444444,
      0.9666666666666667,
      0.9777777777777777,
      0.9888888888888889,
      1.0,
      1.0,
      1.0,
      1.0,
      1.0,
      1.0,
      1.0,
      1.0
    ],
    "n_probe": 90,
    "n_gallery": 30
  },
  "MP": {
    "rank1": 0.8333333333333334,
    "rank5": 0.9555555555555556,
    "mAP": 0.8852344774566997,
    "eer": 0.08850574712643677,
    "eer_threshold": 0.03251618952364535,
    "cmc": [
      0.8333333333333334,
      0.9,
      0.9222222222222223,
      0.9444444444444444,
      0.9555555555555556,
      0.9555555555555556,
      0.9666666666666667,
      0.9666666666666667,
      0.9666666666666667,
      0.9666666666666667,
      0.9666666666666667,
      0.9666666666666667,
      0.9777777777777777,
      0.9777777777777777,
      0.9777777777777777,
      0.9777777777777777,
      0.9777777777777777,
      0.9777777777777777,
      0.9777777777777777,
      0.9777777777777777
    ],
    "n_probe": 90,
    "n_gallery": 30
  },
  "ALL": {
    "rank1": 0.6128747795414462,
    "rank5": 0.8201058201058201,
    "mAP": 0.7056273975321755,
    "eer": 0.11231000931375462,
    "eer_threshold": 0.03769161894514754,
    "cmc": [
      0.6128747795414462,
      0.7054673721340388,
      0.7504409171075838,
      0.7883597883597884,
      0.8201058201058201,
      0.8359788359788359,
      0.8624338624338624,
      0.8765432098765432,
      0.8880070546737213,
      0.8968253968253969,
      0.9091710758377425,
      0.9171075837742504,
      0.9215167548500882,
      0.9312169312169312,
      0.9329805996472663,
      0.9382716049382716,
      0.9417989417989417,
      0.9444444444444444,
      0.9470899470899471,
      0.9497354497354498
    ],
    "n_probe": 1134,
    "n_gallery": 90
  }
}