{
  "WS": {
    "rank1": 0.7466666666666667,
    "rank5": 0.8977777777777778,
    "mAP": 0.8131236882350917,
    "eer": 0.08163545568039951,
    "eer_threshold": 0.062212288200676265,
    "cmc": [
      0.7466666666666667,
      0.8177777777777778,
      0.8577777777777778,
      0.8711111111111111,
      0.8977777777777778,
      0.9066666666666666,
      0.9155555555555556,
      0.9266666666666666,
      0.9377777777777778,
      0.9422222222222222,
      0.9466666666666667,
      0.9488888888888889,
      0.9555555555555556,
      0.9555555555555556,
      0.9622222222222222,
      0.9644444444444444,
      0.9644444444444444,
      0.9711111111111111,
      0.9755555555555555,
      0.9755555555555555
    ],
    "n_probe": 450,
    "n_gallery": 90
  },
  "BGHT": {
    "rank1": 0.4777777777777778,
    "rank5": 0.7722222222222223,
    "mAP": 0.6121185686834943,
    "eer": 0.15037664783427496,
    "eer_threshold": 0.06782881454662518,
    "cmc": [
      0.4777777777777778,
      0.6222222222222222,
      0.6833333333333333,
      0.7277777777777777,
      0.7722222222222223,
      0.8,
      0.8222222222222222,
      0.8444444444444444,
      0.8722222222222222,
      0.8888888888888888,
      0.9166666666666666,
      0.9222222222222223,
      0.9277777777777778,
      0.9277777777777778,
      0.9277777777777778,
      0.9277777777777778,
      0.9333333333333333,
      0.9388888888888889,
      0.9444444444444444,
      0.95
    ],
    "n_probe": 180,
    "n_gallery": 60
  },
  "CL": {
    "rank1": 0.6111111111111112,
    "rank5": 0.8444444444444444,
    "mAP": 0.7172882796216129,
    "eer": 0.15402298850574714,
    "eer_threshold": 0.07035094959003192,
    "cmc": [
      0.6111111111111112,
      0.7,
      0.7777777777777778,
      0.8444444444444444,
      0.8444444444444444,
      0.8777777777777778,
      0.9111111111111111,
      0.9333333333333333,
      0.9555555555555556,
      0.9666666666666667,
      0.9888888888888889,
      0.9888888888888889,
      0.9888888888888889,
      0.9888888888888889,
      0.9888888888888889,
      0.9888888888888889,
      0.9888888888888889,
      0.9888888888888889,
      0.9888888888888889,
      0.9888888888888889
    ],
    "n_probe": 90,
    "n_gallery": 30
  },
  "MP": {
    "rank1": 0.8,
    "rank5": 0.9666666666666667,
    "mAP": 0.8715277777777778,
    "eer": 0.07835249042145594,
    "eer_threshold": 0.0623080379612095,
    "cmc": [
      0.8,
      0.9111111111111111,
      0.9111111111111111,
      0.9555555555555556,
      0.9666666666666667,
      0.9666666666666667,
      0.9666666666666667,
      0.9777777777777777,
      0.9777777777777777,
      0.9777777777777777,
      0.9777777777777777,
      0.9777777777777777,
      0.9777777777777777,
      0.9777777777777777,
      0.9777777777777777,
      0.9888888888888889,
      0.9888888888888889,
      0.9888888888888889,
      0.9888888888888889,
      1.0
    ],
    "n_probe": 90,
    "n_gallery": 30
  },
  "ALL": {
    "rank1": 0.6155202821869489,
    "rank5": 0.8298059964726632,
    "mAP": 0.711787822237686,
    "eer": 0.11220101856805977,
    "eer_threshold": 0.06716209274154525,
    "cmc": [
      0.6155202821869489,
      0.7151675485008818,
      0.7724867724867724,
      0.8033509700176367,
      0.8298059964726632,
      0.8421516754850088,
      0.8580246913580247,
      0.8712522045855379,
      0.8853615520282186,
      0.900352733686067,
      0.91005291005291,
      0.9162257495590829,
      0.9232804232804233,
      0.9259259259259259,
      0.9294532627865961,
      0.9365079365079365,
      0.9409171075837742,
      0.9497354497354498,
      0.9541446208112875,
      0.9559082892416225
    ],
    "n_probe": 1134,
    "n_gallery": 90
  }
}