{
  "fm_fdr": 0.18507036566734314,
  "fk_fdr": 0.0300176739692688,
  "fdr_ratio": 6.165379964377409
}