{
  "protocol": "WS",
  "fm_fk_cosine_sim_mean": 0.9714198708534241,
  "fm_fk_cosine_sim_std": 0.0044692461378872395,
  "r2_fk_to_fm": 0.9229258298873901,
  "r2_fm_to_fk": 1.0
}