{
  "protocol": "WS",
  "r1_original": 0.7577777777777778,
  "r1_shuffled": 0.7133333333333334,
  "map_original": 0.8279748696386627,
  "map_shuffled": 0.7980504117170829,
  "fm_cosine_sim": 1.0,
  "fk_cosine_sim": 0.99681077003479,
  "rank1_drop": 0.0444444444444444
}