{
  "WS": {
    "rank1": 0.7577777777777778,
    "rank5": 0.92,
    "mAP": 0.8279748696386627,
    "eer": 0.06801498127340824,
    "eer_threshold": 0.04703756925222036,
    "cmc": [
      0.7577777777777778,
      0.8355555555555556,
      0.8822222222222222,
      0.9022222222222223,
      0.92,
      0.9266666666666666,
      0.9333333333333333,
      0.9422222222222222,
      0.9488888888888889,
      0.96,
      0.96,
      0.9622222222222222,
      0.9711111111111111,
      0.9755555555555555,
      0.9755555555555555,
      0.9777777777777777,
      0.9777777777777777,
      0.9777777777777777,
      0.9777777777777777,
      0.98
    ],
    "n_probe": 450,
    "n_gallery": 90
  },
  "BGHT": {
    "rank1": 0.5277777777777778,
    "rank5": 0.8111111111111111,
    "mAP": 0.6597801819749394,
    "eer": 0.12264595103578155,
    "eer_threshold": 0.05103350079453385,
    "cmc": [
      0.5277777777777778,
      0.6833333333333333,
      0.7444444444444445,
      0.8055555555555556,
      0.8111111111111111,
      0.8333333333333334,
      0.8555555555555555,
      0.8777777777777778,
      0.8888888888888888,
      0.9,
      0.9166666666666666,
      0.9166666666666666,
      0.9166666666666666,
      0.9333333333333333,
      0.9333333333333333,
      0.9333333333333333,
      0.9388888888888889,
      0.9444444444444444,
      0.9444444444444444,
      0.95
    ],
    "n_probe": 180,
    "n_gallery": 60
  },
  "CL": {
    "rank1": 0.5333333333333333,
    "rank5": 0.8888888888888888,
    "mAP": 0.6834381976048642,
    "eer": 0.1574712643678161,
    "eer_threshold": 0.05603070850964184,
    "cmc": [
      0.5333333333333333,
      0.6777777777777778,
      0.8333333333333334,
      0.8555555555555555,
      0.8888888888888888,
      0.9111111111111111,
      0.9444444444444444,
      0.9555555555555556,
      0.9666666666666667,
      0.9666666666666667,
      0.9777777777777777,
      0.9777777777777777,
      1.0,
      1.0,
      1.0,
      1.0,
      1.0,
      1.0,
      1.0,
      1.0
    ],
    "n_probe": 90,
    "n_gallery": 30
  },
  "MP": {
    "rank1": 0.8888888888888888,
    "rank5": 0.9777777777777777,
    "mAP": 0.9243744855967079,
    "eer": 0.0789272030651341,
    "eer_threshold": 0.04845577174120837,
    "cmc": [
      0.8888888888888888,
      0.9333333333333333,
      0.9555555555555556,
      0.9666666666666667,
      0.9777777777777777,
      0.9777777777777777,
      0.9777777777777777,
      0.9777777777777777,
      0.9777777777777777,
      0.9777777777777777,
      0.9777777777777777,
      0.9777777777777777,
      0.9777777777777777,
      0.9777777777777777,
      0.9777777777777777,
      0.9777777777777777,
      0.9777777777777777,
      0.9777777777777777,
      0.9777777777777777,
      0.9777777777777777
    ],
    "n_probe": 90,
    "n_gallery": 30
  },
  "ALL": {
    "rank1": 0.63668430335097,
    "rank5": 0.8527336860670194,
    "mAP": 0.7338509688716373,
    "eer": 0.10346194241325327,
    "eer_threshold": 0.051624522194848046,
    "cmc": [
      0.63668430335097,
      0.7425044091710759,
      0.8051146384479718,
      0.8350970017636684,
      0.8527336860670194,
      0.8677248677248677,
      0.8800705467372134,
      0.8932980599647267,
      0.9012345679012346,
      0.9109347442680776,
      0.9171075837742504,
      0.9223985890652557,
      0.9320987654320988,
      0.9382716049382716,
      0.9426807760141094,
      0.9462081128747796,
      0.9479717813051146,
      0.9506172839506173,
      0.9523809523809523,
      0.9541446208112875
    ],
    "n_probe": 1134,
    "n_gallery": 90
  }
}