{
  "fm_fdr": 0.17994776368141174,
  "fk_fdr": 0.09074205160140991,
  "fdr_ratio": 1.9830691559834184
}