{
  "WS": {
    "rank1": 0.7333333333333333,
    "rank5": 0.9022222222222223,
    "mAP": 0.8103391597033555,
    "eer": 0.0845318352059925,
    "eer_threshold": 0.06415594107395894,
    "cmc": [
      0.7333333333333333,
      0.8377777777777777,
      0.8577777777777778,
      0.88,
      0.9022222222222223,
      0.9133333333333333,
      0.9177777777777778,
      0.9177777777777778,
      0.9288888888888889,
      0.9377777777777778,
      0.9444444444444444,
      0.9533333333333334,
      0.9555555555555556,
      0.9577777777777777,
      0.96,
      0.9644444444444444,
      0.9711111111111111,
      0.9733333333333334,
      0.9777777777777777,
      0.9777777777777777
    ],
    "n_probe": 450,
    "n_gallery": 90
  },
  "BGHT": {
    "rank1": 0.5388888888888889,
    "rank5": 0.7944444444444444,
    "mAP": 0.6510580656139341,
    "eer": 0.14825800376647835,
    "eer_threshold": 0.06856153354988442,
    "cmc": [
      0.5388888888888889,
      0.6388888888888888,
      0.7222222222222222,
      0.7611111111111111,
      0.7944444444444444,
      0.8222222222222222,
      0.8333333333333334,
      0.85,
      0.8666666666666667,
      0.8777777777777778,
      0.8888888888888888,
      0.8944444444444445,
      0.9055555555555556,
      0.9222222222222223,
      0.9222222222222223,
      0.9277777777777778,
      0.9333333333333333,
      0.9444444444444444,
      0.9444444444444444,
      0.95
    ],
    "n_probe": 180,
    "n_gallery": 60
  },
  "CL": {
    "rank1": 0.5888888888888889,
    "rank5": 0.9111111111111111,
    "mAP": 0.7176683501683502,
    "eer": 0.16398467432950192,
    "eer_threshold": 0.07256236615720335,
    "cmc": [
      0.5888888888888889,
      0.7444444444444445,
      0.7888888888888889,
      0.8444444444444444,
      0.9111111111111111,
      0.9222222222222223,
      0.9222222222222223,
      0.9222222222222223,
      0.9555555555555556,
      0.9555555555555556,
      0.9777777777777777,
      0.9777777777777777,
      0.9777777777777777,
      0.9777777777777777,
      0.9777777777777777,
      1.0,
      1.0,
      1.0,
      1.0,
      1.0
    ],
    "n_probe": 90,
    "n_gallery": 30
  },
  "MP": {
    "rank1": 0.8444444444444444,
    "rank5": 0.9666666666666667,
    "mAP": 0.9041682769726247,
    "eer": 0.06647509578544061,
    "eer_threshold": 0.05891448038595694,
    "cmc": [
      0.8444444444444444,
      0.9444444444444444,
      0.9666666666666667,
      0.9666666666666667,
      0.9666666666666667,
      0.9666666666666667,
      0.9666666666666667,
      0.9777777777777777,
      0.9777777777777777,
      0.9777777777777777,
      0.9777777777777777,
      0.9777777777777777,
      0.9777777777777777,
      0.9777777777777777,
      0.9777777777777777,
      0.9777777777777777,
      0.9777777777777777,
      0.9777777777777777,
      0.9777777777777777,
      0.9777777777777777
    ],
    "n_probe": 90,
    "n_gallery": 30
  },
  "ALL": {
    "rank1": 0.6216931216931217,
    "rank5": 0.8395061728395061,
    "mAP": 0.717852740857609,
    "eer": 0.11509422745377801,
    "eer_threshold": 0.06914351521072923,
    "cmc": [
      0.6216931216931217,
      0.7319223985890653,
      0.7698412698412699,
      0.8051146384479718,
      0.8395061728395061,
      0.8544973544973545,
      0.8650793650793651,
      0.8738977072310405,
      0.8880070546737213,
      0.8985890652557319,
      0.9065255731922398,
      0.9144620811287478,
      0.917989417989418,
      0.9215167548500882,
      0.9241622574955908,
      0.9285714285714286,
      0.9347442680776014,
      0.9382716049382716,
      0.9417989417989417,
      0.9444444444444444
    ],
    "n_probe": 1134,
    "n_gallery": 90
  }
}