{
  "fm_fdr": 0.18080219626426697,
  "fk_fdr": 0.07789535075426102,
  "fdr_ratio": 2.3210909831403095
}