{
  "protocol": "WS",
  "fm_fk_cosine_sim_mean": 0.9700088500976562,
  "fm_fk_cosine_sim_std": 0.004935135133564472,
  "r2_fk_to_fm": 0.9553897380828857,
  "r2_fm_to_fk": 1.0
}