{
  "WS": {
    "rank1": 0.7444444444444445,
    "rank5": 0.8977777777777778,
    "mAP": 0.814473153529237,
    "eer": 0.07627965043695381,
    "eer_threshold": 0.04934973330111117,
    "cmc": [
      0.7444444444444445,
      0.8244444444444444,
      0.8644444444444445,
      0.88,
      0.8977777777777778,
      0.9066666666666666,
      0.9222222222222223,
      0.9288888888888889,
      0.9377777777777778,
      0.9488888888888889,
      0.9511111111111111,
      0.9555555555555556,
      0.9577777777777777,
      0.9644444444444444,
      0.9644444444444444,
      0.9688888888888889,
      0.9711111111111111,
      0.9711111111111111,
      0.9711111111111111,
      0.9733333333333334
    ],
    "n_probe": 450,
    "n_gallery": 90
  },
  "BGHT": {
    "rank1": 0.48333333333333334,
    "rank5": 0.7833333333333333,
    "mAP": 0.6195108031141089,
    "eer": 0.1398305084745763,
    "eer_threshold": 0.05429353024269845,
    "cmc": [
      0.48333333333333334,
      0.6388888888888888,
      0.6833333333333333,
      0.7333333333333333,
      0.7833333333333333,
      0.8388888888888889,
      0.8555555555555555,
      0.8666666666666667,
      0.8777777777777778,
      0.8833333333333333,
      0.8888888888888888,
      0.8888888888888888,
      0.9111111111111111,
      0.9166666666666666,
      0.9333333333333333,
      0.9388888888888889,
      0.9388888888888889,
      0.9444444444444444,
      0.9444444444444444,
      0.9444444444444444
    ],
    "n_probe": 180,
    "n_gallery": 60
  },
  "CL": {
    "rank1": 0.5333333333333333,
    "rank5": 0.8555555555555555,
    "mAP": 0.6609351451018118,
    "eer": 0.17203065134099615,
    "eer_threshold": 0.05982103702184317,
    "cmc": [
      0.5333333333333333,
      0.6222222222222222,
      0.7333333333333333,
      0.8111111111111111,
      0.8555555555555555,
      0.8888888888888888,
      0.9111111111111111,
      0.9222222222222223,
      0.9666666666666667,
      0.9666666666666667,
      0.9777777777777777,
      0.9888888888888889,
      0.9888888888888889,
      1.0,
      1.0,
      1.0,
      1.0,
      1.0,
      1.0,
      1.0
    ],
    "n_probe": 90,
    "n_gallery": 30
  },
  "MP": {
    "rank1": 0.8,
    "rank5": 0.9555555555555556,
    "mAP": 0.8747419247419247,
    "eer": 0.10019157088122606,
    "eer_threshold": 0.05175845776950275,
    "cmc": [
      0.8,
      0.9111111111111111,
      0.9555555555555556,
      0.9555555555555556,
      0.9555555555555556,
      0.9666666666666667,
      0.9777777777777777,
      0.9777777777777777,
      0.9777777777777777,
      0.9777777777777777,
      0.9777777777777777,
      0.9777777777777777,
      0.9777777777777777,
      0.9777777777777777,
      0.9777777777777777,
      0.9777777777777777,
      0.9777777777777777,
      0.9777777777777777,
      0.9777777777777777,
      0.9777777777777777
    ],
    "n_probe": 90,
    "n_gallery": 30
  },
  "ALL": {
    "rank1": 0.6040564373897708,
    "rank5": 0.8350970017636684,
    "mAP": 0.706724048199054,
    "eer": 0.10792065473713414,
    "eer_threshold": 0.053688529196444214,
    "cmc": [
      0.6040564373897708,
      0.716931216931217,
      0.7671957671957672,
      0.7980599647266314,
      0.8350970017636684,
      0.8562610229276896,
      0.8774250440917107,
      0.8853615520282186,
      0.8941798941798942,
      0.9038800705467372,
      0.9109347442680776,
      0.9188712522045855,
      0.9232804232804233,
      0.927689594356261,
      0.9320987654320988,
      0.9365079365079365,
      0.9409171075837742,
      0.9444444444444444,
      0.9488536155202821,
      0.9523809523809523
    ],
    "n_probe": 1134,
    "n_gallery": 90
  }
}