{
  "fm_fdr": 0.19996781647205353,
  "fk_fdr": 0.03941049799323082,
  "fdr_ratio": 5.0739733485834195
}