{
  "No Gender Supervision": {
    "WS": {
      "rank1_mean": 0.736,
      "rank1_std": 0.015098033556856037,
      "rank5_mean": 0.9,
      "rank5_std": 0.00921619615703454,
      "mAP_mean": 0.8101333793954855,
      "mAP_std": 0.00987012327332715,
      "eer_mean": 0.08205992509363297,
      "eer_std": 0.005638796215666064
    },
    "BGHT": {
      "rank1_mean": 0.5111111111111111,
      "rank1_std": 0.02222222222222221,
      "rank5_mean": 0.7833333333333333,
      "rank5_std": 0.01531560972454467,
      "mAP_mean": 0.6332924913883681,
      "mAP_std": 0.012979451943077985,
      "eer_mean": 0.15310734463276837,
      "eer_std": 0.01101356846096648
    },
    "CL": {
      "rank1_mean": 0.5666666666666667,
      "rank1_std": 0.040368671387966557,
      "rank5_mean": 0.8666666666666666,
      "rank5_std": 0.028109134757052248,
      "mAP_mean": 0.6966689438872101,
      "mAP_std": 0.028761898994015912,
      "eer_mean": 0.1564367816091954,
      "eer_std": 0.01304855072761237
    },
    "MP": {
      "rank1_mean": 0.8444444444444444,
      "rank1_std": 0.024343224778007377,
      "rank5_mean": 0.9622222222222222,
      "rank5_std": 0.008888888888888903,
      "mAP_mean": 0.9004985737332143,
      "mAP_std": 0.01608027582063563,
      "eer_mean": 0.09206896551724138,
      "eer_std": 0.013451823003180445
    },
    "ALL": {
      "rank1_mean": 0.6109347442680776,
      "rank1_std": 0.012413519826996683,
      "rank5_mean": 0.828042328042328,
      "rank5_std": 0.007399004219895241,
      "mAP_mean": 0.7093191592416364,
      "mAP_std": 0.010142311139550032,
      "eer_mean": 0.11532508966965896,
      "eer_std": 0.0024350329264107387
    }
  }
}