{
  "GaitBase backbone": {
    "WS": {
      "rank1_mean": 0.8097777777777777,
      "rank1_std": 0.00979795897113271,
      "rank5_mean": 0.9333333333333333,
      "rank5_std": 0.00743697801363621,
      "mAP_mean": 0.8649504644849678,
      "mAP_std": 0.00848409719634988,
      "eer_mean": 0.05746317103620474,
      "eer_std": 0.005428845231544777
    },
    "BGHT": {
      "rank1_mean": 0.5777777777777777,
      "rank1_std": 0.012668615834434871,
      "rank5_mean": 0.8377777777777778,
      "rank5_std": 0.02119864892037658,
      "mAP_mean": 0.6948698760304265,
      "mAP_std": 0.008620856501107747,
      "eer_mean": 0.12354990583804144,
      "eer_std": 0.0038536752199747307
    },
    "CL": {
      "rank1_mean": 0.5955555555555556,
      "rank1_std": 0.02948110924760358,
      "rank5_mean": 0.8933333333333333,
      "rank5_std": 0.026851213274654593,
      "mAP_mean": 0.7275778439220467,
      "mAP_std": 0.02157156340973072,
      "eer_mean": 0.1396934865900383,
      "eer_std": 0.01100717672924098
    },
    "MP": {
      "rank1_mean": 0.9,
      "rank1_std": 0.023306863292670055,
      "rank5_mean": 0.971111111111111,
      "rank5_std": 0.008888888888888858,
      "mAP_mean": 0.9327841985574864,
      "mAP_std": 0.014806476199450745,
      "eer_mean": 0.056781609195402295,
      "eer_std": 0.008714769737600384
    },
    "ALL": {
      "rank1_mean": 0.6615520282186949,
      "rank1_std": 0.011270931434688151,
      "rank5_mean": 0.8527336860670193,
      "rank5_std": 0.010478624887134346,
      "mAP_mean": 0.7478828927349239,
      "mAP_std": 0.00951246567258537,
      "eer_mean": 0.09877534034837405,
      "eer_std": 0.005436857989953
    },
    "gender": {
      "balanced_accuracy_mean": 0.9096320346320347,
      "balanced_accuracy_std": 0.005828100440621784,
      "F1_Male_mean": 0.9169226655899732,
      "F1_Male_std": 0.007032789568172768,
      "F1_Female_mean": 0.8827457920814309,
      "F1_Female_std": 0.007199871258576385,
      "linear_probe_Fm_mean": 0.9781818270683289,
      "linear_probe_Fm_std": 0.0072727322578449724,
      "linear_probe_Fk_mean": 0.6090909147262573,
      "linear_probe_Fk_std": 0.007606000111691365,
      "gap_mean": 0.36909091234207153,
      "gap_std": 0.010523489591356055
    }
  }
}