{
  "No Barlow Twins": {
    "WS": {
      "rank1_mean": 0.7328888888888889,
      "rank1_std": 0.017632741711002136,
      "rank5_mean": 0.9075555555555554,
      "rank5_std": 0.007383665655927173,
      "mAP_mean": 0.8104586476708947,
      "mAP_std": 0.00980131557478529,
      "eer_mean": 0.07736329588014981,
      "eer_std": 0.005724126330549929
    },
    "BGHT": {
      "rank1_mean": 0.5377777777777778,
      "rank1_std": 0.022879178091082218,
      "rank5_mean": 0.781111111111111,
      "rank5_std": 0.017777777777777795,
      "mAP_mean": 0.6462081325682003,
      "mAP_std": 0.020478981951005535,
      "eer_mean": 0.1542090395480226,
      "eer_std": 0.011291766072985399
    },
    "CL": {
      "rank1_mean": 0.5577777777777777,
      "rank1_std": 0.044666113871648386,
      "rank5_mean": 0.8711111111111112,
      "rank5_std": 0.043090487621478483,
      "mAP_mean": 0.6925410203449418,
      "mAP_std": 0.033132412933191906,
      "eer_mean": 0.15126436781609195,
      "eer_std": 0.022987420153166807
    },
    "MP": {
      "rank1_mean": 0.8600000000000001,
      "rank1_std": 0.019372884193514083,
      "rank5_mean": 0.9688888888888888,
      "rank5_std": 0.01777777777777776,
      "mAP_mean": 0.9055446368087793,
      "mAP_std": 0.014731266161489525,
      "eer_mean": 0.08187739463601532,
      "eer_std": 0.007323522024196395
    },
    "ALL": {
      "rank1_mean": 0.6118165784832452,
      "rank1_std": 0.011757201631392546,
      "rank5_mean": 0.828395061728395,
      "rank5_std": 0.013240440479099459,
      "mAP_mean": 0.7100542662079552,
      "mAP_std": 0.010852883261075596,
      "eer_mean": 0.11248340368190554,
      "eer_std": 0.006027962783262205
    },
    "gender": {
      "balanced_accuracy_mean": 0.8503246753246755,
      "balanced_accuracy_std": 0.003449648798811512,
      "F1_Male_mean": 0.8739091122747423,
      "F1_Male_std": 0.01978589748325681,
      "F1_Female_mean": 0.8160455113098097,
      "F1_Female_std": 0.0068090185223526134,
      "linear_probe_Fm_mean": 0.9218181824684143,
      "linear_probe_Fm_std": 0.011991730109619864,
      "linear_probe_Fk_mean": 0.6127272796630858,
      "linear_probe_Fk_std": 0.01758097862431474,
      "gap_mean": 0.3090909028053284,
      "gap_std": 0.023177358024859828
    }
  }
}