{
  "No graph (ablation)": {
    "WS": {
      "rank1_mean": 0.7466666666666667,
      "rank1_std": 0.013109227736669006,
      "rank5_mean": 0.8942222222222223,
      "rank5_std": 0.010193195503270856,
      "mAP_mean": 0.814548020553066,
      "mAP_std": 0.007695587823932453,
      "eer_mean": 0.08357802746566792,
      "eer_std": 0.004024784461846822
    },
    "BGHT": {
      "rank1_mean": 0.5088888888888888,
      "rank1_std": 0.011967032904743349,
      "rank5_mean": 0.781111111111111,
      "rank5_std": 0.015153535218873158,
      "mAP_mean": 0.6347037873867378,
      "mAP_std": 0.00983117304712391,
      "eer_mean": 0.15148775894538608,
      "eer_std": 0.01164744224403337
    },
    "CL": {
      "rank1_mean": 0.5577777777777777,
      "rank1_std": 0.03173968190463489,
      "rank5_mean": 0.8533333333333335,
      "rank5_std": 0.029313124351717585,
      "mAP_mean": 0.6866349552293824,
      "mAP_std": 0.023576109586850635,
      "eer_mean": 0.15440613026819924,
      "eer_std": 0.013581281130088965
    },
    "MP": {
      "rank1_mean": 0.86,
      "rank1_std": 0.011331154474650641,
      "rank5_mean": 0.9577777777777777,
      "rank5_std": 0.014740554623801761,
      "mAP_mean": 0.9043684356011605,
      "mAP_std": 0.0075246696446311144,
      "eer_mean": 0.08800766283524904,
      "eer_std": 0.01726503273195671
    },
    "ALL": {
      "rank1_mean": 0.6137566137566137,
      "rank1_std": 0.006358996958490272,
      "rank5_mean": 0.8255731922398588,
      "rank5_std": 0.008842999038251628,
      "mAP_mean": 0.7105158213536905,
      "mAP_std": 0.0034413098307933035,
      "eer_mean": 0.11628222658185203,
      "eer_std": 0.004878972821428106
    },
    "gender": {
      "balanced_accuracy_mean": 0.8371212121212122,
      "balanced_accuracy_std": 0.024306116084207446,
      "F1_Male_mean": 0.8683991686070718,
      "F1_Male_std": 0.010752199222776204,
      "F1_Female_mean": 0.7976912164829667,
      "F1_Female_std": 0.031266293921725405,
      "linear_probe_Fm_mean": 0.9254545521736146,
      "linear_probe_Fm_std": 0.016414063377758865,
      "linear_probe_Fk_mean": 0.5936363673210144,
      "linear_probe_Fk_std": 0.0054545474052455425,
      "gap_mean": 0.33181818485260006,
      "gap_std": 0.020928846730657123
    }
  }
}