{
  "BioKinematicNet": {
    "WS": {
      "rank1_mean": 0.7431111111111111,
      "rank1_std": 0.009173229973577932,
      "rank5_mean": 0.9039999999999999,
      "rank5_std": 0.008243216440440635,
      "mAP_mean": 0.8142710265642565,
      "mAP_std": 0.007516966280043567,
      "eer_mean": 0.07709862671660425,
      "eer_std": 0.005714769461313659
    },
    "BGHT": {
      "rank1_mean": 0.5133333333333333,
      "rank1_std": 0.02712567914607488,
      "rank5_mean": 0.788888888888889,
      "rank5_std": 0.013146843962443583,
      "mAP_mean": 0.6386206930531487,
      "mAP_std": 0.019049024094000083,
      "eer_mean": 0.14125235404896425,
      "eer_std": 0.009957394493594198
    },
    "CL": {
      "rank1_mean": 0.5711111111111111,
      "rank1_std": 0.03189488909868296,
      "rank5_mean": 0.8688888888888888,
      "rank5_std": 0.026666666666666658,
      "mAP_mean": 0.6975625880292546,
      "mAP_std": 0.02215250437899794,
      "eer_mean": 0.15839080459770116,
      "eer_std": 0.009292589853520798
    },
    "MP": {
      "rank1_mean": 0.8333333333333334,
      "rank1_std": 0.03296088216486958,
      "rank5_mean": 0.9644444444444444,
      "rank5_std": 0.008314794192830951,
      "mAP_mean": 0.892009388509147,
      "mAP_std": 0.019793429116890176,
      "eer_mean": 0.0824904214559387,
      "eer_std": 0.011276741451122507
    },
    "ALL": {
      "rank1_mean": 0.6181657848324515,
      "rank1_std": 0.010857667704847536,
      "rank5_mean": 0.8354497354497354,
      "rank5_std": 0.010794457670616814,
      "mAP_mean": 0.7151685955396323,
      "mAP_std": 0.010295728985636174,
      "eer_mean": 0.11019757049719595,
      "eer_std": 0.004074468857174158
    },
    "gender": {
      "balanced_accuracy_mean": 0.8429653679653679,
      "balanced_accuracy_std": 0.01416633181802769,
      "F1_Male_mean": 0.8518078748656694,
      "F1_Male_std": 0.026825567123427728,
      "F1_Female_mean": 0.8058977618821132,
      "F1_Female_std": 0.016659531095846652,
      "linear_probe_Fm_mean": 0.9236363625526428,
      "linear_probe_Fm_std": 0.016109134214363448,
      "linear_probe_Fk_mean": 0.5972727322578429,
      "linear_probe_Fk_std": 0.006165751462225496,
      "gap_mean": 0.3263636302947998,
      "gap_std": 0.020000000216747107
    }
  }
}