{
  "Full model (BT enabled)": {
    "WS": {
      "rank1_mean": 0.7431111111111111,
      "rank1_std": 0.009173229973577932,
      "rank5_mean": 0.9039999999999999,
      "rank5_std": 0.008243216440440635,
      "mAP_mean": 0.8142710265642565,
      "mAP_std": 0.007516966280043567,
      "eer_mean": 0.07709862671660425,
      "eer_std": 0.005714769461313659
    },
    "BGHT": {
      "rank1_mean": 0.5133333333333333,
      "rank1_std": 0.02712567914607488,
      "rank5_mean": 0.788888888888889,
      "rank5_std": 0.013146843962443583,
      "mAP_mean": 0.6386206930531487,
      "mAP_std": 0.019049024094000083,
      "eer_mean": 0.14125235404896425,
      "eer_std": 0.009957394493594198
    },
    "CL": {
      "rank1_mean": 0.5711111111111111,
      "rank1_std": 0.03189488909868296,
      "rank5_mean": 0.8688888888888888,
      "rank5_std": 0.026666666666666658,
      "mAP_mean": 0.6975625880292546,
      "mAP_std": 0.02215250437899794,
      "eer_mean": 0.15839080459770116,
      "eer_std": 0.009292589853520798
    },
    "MP": {
      "rank1_mean": 0.8333333333333334,
      "rank1_std": 0.03296088216486958,
      "rank5_mean": 0.9644444444444444,
      "rank5_std": 0.008314794192830951,
      "mAP_mean": 0.892009388509147,
      "mAP_std": 0.019793429116890176,
      "eer_mean": 0.0824904214559387,
      "eer_std": 0.011276741451122507
    },
    "ALL": {
      "rank1_mean": 0.6181657848324515,
      "rank1_std": 0.010857667704847536,
      "rank5_mean": 0.8354497354497354,
      "rank5_std": 0.010794457670616814,
      "mAP_mean": 0.7151685955396323,
      "mAP_std": 0.010295728985636174,
      "eer_mean": 0.11019757049719595,
      "eer_std": 0.004074468857174158
    },
    "gender": {
      "balanced_accuracy_mean": 0.8429653679653679,
      "balanced_accuracy_std": 0.01416633181802769,
      "F1_Male_mean": 0.8518078748656694,
      "F1_Male_std": 0.026825567123427728,
      "F1_Female_mean": 0.8058977618821132,
      "F1_Female_std": 0.016659531095846652,
      "linear_probe_Fm_mean": 0.9236363625526428,
      "linear_probe_Fm_std": 0.016109134214363448,
      "linear_probe_Fk_mean": 0.5972727322578429,
      "linear_probe_Fk_std": 0.006165751462225496,
      "gap_mean": 0.3263636302947998,
      "gap_std": 0.020000000216747107
    }
  },
  "No Barlow Twins": {
    "WS": {
      "rank1_mean": 0.7328888888888889,
      "rank1_std": 0.017632741711002136,
      "rank5_mean": 0.9075555555555554,
      "rank5_std": 0.007383665655927173,
      "mAP_mean": 0.8104586476708947,
      "mAP_std": 0.00980131557478529,
      "eer_mean": 0.07736329588014981,
      "eer_std": 0.005724126330549929
    },
    "BGHT": {
      "rank1_mean": 0.5377777777777778,
      "rank1_std": 0.022879178091082218,
      "rank5_mean": 0.781111111111111,
      "rank5_std": 0.017777777777777795,
      "mAP_mean": 0.6462081325682003,
      "mAP_std": 0.020478981951005535,
      "eer_mean": 0.1542090395480226,
      "eer_std": 0.011291766072985399
    },
    "CL": {
      "rank1_mean": 0.5577777777777777,
      "rank1_std": 0.044666113871648386,
      "rank5_mean": 0.8711111111111112,
      "rank5_std": 0.043090487621478483,
      "mAP_mean": 0.6925410203449418,
      "mAP_std": 0.033132412933191906,
      "eer_mean": 0.15126436781609195,
      "eer_std": 0.022987420153166807
    },
    "MP": {
      "rank1_mean": 0.8600000000000001,
      "rank1_std": 0.019372884193514083,
      "rank5_mean": 0.9688888888888888,
      "rank5_std": 0.01777777777777776,
      "mAP_mean": 0.9055446368087793,
      "mAP_std": 0.014731266161489525,
      "eer_mean": 0.08187739463601532,
      "eer_std": 0.007323522024196395
    },
    "ALL": {
      "rank1_mean": 0.6118165784832452,
      "rank1_std": 0.011757201631392546,
      "rank5_mean": 0.828395061728395,
      "rank5_std": 0.013240440479099459,
      "mAP_mean": 0.7100542662079552,
      "mAP_std": 0.010852883261075596,
      "eer_mean": 0.11248340368190554,
      "eer_std": 0.006027962783262205
    },
    "gender": {
      "balanced_accuracy_mean": 0.8503246753246755,
      "balanced_accuracy_std": 0.003449648798811512,
      "F1_Male_mean": 0.8739091122747423,
      "F1_Male_std": 0.01978589748325681,
      "F1_Female_mean": 0.8160455113098097,
      "F1_Female_std": 0.0068090185223526134,
      "linear_probe_Fm_mean": 0.9218181824684143,
      "linear_probe_Fm_std": 0.011991730109619864,
      "linear_probe_Fk_mean": 0.6127272796630858,
      "linear_probe_Fk_std": 0.01758097862431474,
      "gap_mean": 0.3090909028053284,
      "gap_std": 0.023177358024859828
    }
  },
  "wilcoxon_comparison": {
    "WS": {
      "rank1": {
        "statistic": 3.0,
        "p_value": 0.3125,
        "n": 5,
        "mean_a": 0.7431111111111111,
        "mean_b": 0.7328888888888889,
        "mean_diff": -0.010222222222222133,
        "significant": false
      },
      "rank5": {
        "statistic": 4.0,
        "p_value": 0.4375,
        "n": 5,
        "mean_a": 0.9039999999999999,
        "mean_b": 0.9075555555555554,
        "mean_diff": 0.003555555555555534,
        "significant": false
      },
      "mAP": {
        "statistic": 4.0,
        "p_value": 0.4375,
        "n": 5,
        "mean_a": 0.8142710265642565,
        "mean_b": 0.8104586476708947,
        "mean_diff": -0.003812378893361834,
        "significant": false
      },
      "eer": {
        "statistic": 7.0,
        "p_value": 1.0,
        "n": 5,
        "mean_a": 0.07709862671660425,
        "mean_b": 0.07736329588014981,
        "mean_diff": 0.00026466916354556114,
        "significant": false
      }
    },
    "BGHT": {
      "rank1": {
        "statistic": 0.0,
        "p_value": 0.0625,
        "n": 5,
        "mean_a": 0.5133333333333333,
        "mean_b": 0.5377777777777778,
        "mean_diff": 0.02444444444444449,
        "significant": false
      },
      "rank5": {
        "statistic": 2.0,
        "p_value": 0.375,
        "n": 5,
        "mean_a": 0.788888888888889,
        "mean_b": 0.781111111111111,
        "mean_diff": -0.007777777777777994,
        "significant": false
      },
      "mAP": {
        "statistic": 4.0,
        "p_value": 0.4375,
        "n": 5,
        "mean_a": 0.6386206930531487,
        "mean_b": 0.6462081325682003,
        "mean_diff": 0.007587439515051586,
        "significant": false
      },
      "eer": {
        "statistic": 0.0,
        "p_value": 0.0625,
        "n": 5,
        "mean_a": 0.14125235404896425,
        "mean_b": 0.1542090395480226,
        "mean_diff": 0.012956685499058346,
        "significant": false
      }
    },
    "CL": {
      "rank1": {
        "statistic": 7.0,
        "p_value": 1.0,
        "n": 5,
        "mean_a": 0.5711111111111111,
        "mean_b": 0.5577777777777777,
        "mean_diff": -0.01333333333333342,
        "significant": false
      },
      "rank5": {
        "statistic": 7.0,
        "p_value": 1.0,
        "n": 5,
        "mean_a": 0.8688888888888888,
        "mean_b": 0.8711111111111112,
        "mean_diff": 0.0022222222222223476,
        "significant": false
      },
      "mAP": {
        "statistic": 7.0,
        "p_value": 1.0,
        "n": 5,
        "mean_a": 0.6975625880292546,
        "mean_b": 0.6925410203449418,
        "mean_diff": -0.005021567684312833,
        "significant": false
      },
      "eer": {
        "statistic": 6.0,
        "p_value": 0.8125,
        "n": 5,
        "mean_a": 0.15839080459770116,
        "mean_b": 0.15126436781609195,
        "mean_diff": -0.007126436781609208,
        "significant": false
      }
    },
    "MP": {
      "rank1": {
        "statistic": 3.0,
        "p_value": 0.3125,
        "n": 5,
        "mean_a": 0.8333333333333334,
        "mean_b": 0.8600000000000001,
        "mean_diff": 0.026666666666666727,
        "significant": false
      },
      "rank5": {
        "statistic": 4.0,
        "p_value": 0.875,
        "n": 5,
        "mean_a": 0.9644444444444444,
        "mean_b": 0.9688888888888888,