{
  "Full model": {
    "WS": {
      "rank1_mean": 0.7431111111111111,
      "rank1_std": 0.009173229973577932,
      "rank5_mean": 0.9039999999999999,
      "rank5_std": 0.008243216440440635,
      "mAP_mean": 0.8142710265642565,
      "mAP_std": 0.007516966280043567,
      "eer_mean": 0.07709862671660425,
      "eer_std": 0.005714769461313659
    },
    "BGHT": {
      "rank1_mean": 0.5133333333333333,
      "rank1_std": 0.02712567914607488,
      "rank5_mean": 0.788888888888889,
      "rank5_std": 0.013146843962443583,
      "mAP_mean": 0.6386206930531487,
      "mAP_std": 0.019049024094000083,
      "eer_mean": 0.14125235404896425,
      "eer_std": 0.009957394493594198
    },
    "CL": {
      "rank1_mean": 0.5711111111111111,
      "rank1_std": 0.03189488909868296,
      "rank5_mean": 0.8688888888888888,
      "rank5_std": 0.026666666666666658,
      "mAP_mean": 0.6975625880292546,
      "mAP_std": 0.02215250437899794,
      "eer_mean": 0.15839080459770116,
      "eer_std": 0.009292589853520798
    },
    "MP": {
      "rank1_mean": 0.8333333333333334,
      "rank1_std": 0.03296088216486958,
      "rank5_mean": 0.9644444444444444,
      "rank5_std": 0.008314794192830951,
      "mAP_mean": 0.892009388509147,
      "mAP_std": 0.019793429116890176,
      "eer_mean": 0.0824904214559387,
      "eer_std": 0.011276741451122507
    },
    "ALL": {
      "rank1_mean": 0.6181657848324515,
      "rank1_std": 0.010857667704847536,
      "rank5_mean": 0.8354497354497354,
      "rank5_std": 0.010794457670616814,
      "mAP_mean": 0.7151685955396323,
      "mAP_std": 0.010295728985636174,
      "eer_mean": 0.11019757049719595,
      "eer_std": 0.004074468857174158
    },
    "gender": {
      "balanced_accuracy_mean": 0.8429653679653679,
      "balanced_accuracy_std": 0.01416633181802769,
      "F1_Male_mean": 0.8518078748656694,
      "F1_Male_std": 0.026825567123427728,
      "F1_Female_mean": 0.8058977618821132,
      "F1_Female_std": 0.016659531095846652,
      "linear_probe_Fm_mean": 0.9236363625526428,
      "linear_probe_Fm_std": 0.016109134214363448,
      "linear_probe_Fk_mean": 0.5972727322578429,
      "linear_probe_Fk_std": 0.006165751462225496,
      "gap_mean": 0.3263636302947998,
      "gap_std": 0.020000000216747107
    }
  },
  "No Gender Supervision": {
    "WS": {
      "rank1_mean": 0.736,
      "rank1_std": 0.015098033556856037,
      "rank5_mean": 0.9,
      "rank5_std": 0.00921619615703454,
      "mAP_mean": 0.8101333793954855,
      "mAP_std": 0.00987012327332715,
      "eer_mean": 0.08205992509363297,
      "eer_std": 0.005638796215666064
    },
    "BGHT": {
      "rank1_mean": 0.5111111111111111,
      "rank1_std": 0.02222222222222221,
      "rank5_mean": 0.7833333333333333,
      "rank5_std": 0.01531560972454467,
      "mAP_mean": 0.6332924913883681,
      "mAP_std": 0.012979451943077985,
      "eer_mean": 0.15310734463276837,
      "eer_std": 0.01101356846096648
    },
    "CL": {
      "rank1_mean": 0.5666666666666667,
      "rank1_std": 0.040368671387966557,
      "rank5_mean": 0.8666666666666666,
      "rank5_std": 0.028109134757052248,
      "mAP_mean": 0.6966689438872101,
      "mAP_std": 0.028761898994015912,
      "eer_mean": 0.1564367816091954,
      "eer_std": 0.01304855072761237
    },
    "MP": {
      "rank1_mean": 0.8444444444444444,
      "rank1_std": 0.024343224778007377,
      "rank5_mean": 0.9622222222222222,
      "rank5_std": 0.008888888888888903,
      "mAP_mean": 0.9004985737332143,
      "mAP_std": 0.01608027582063563,
      "eer_mean": 0.09206896551724138,
      "eer_std": 0.013451823003180445
    },
    "ALL": {
      "rank1_mean": 0.6109347442680776,
      "rank1_std": 0.012413519826996683,
      "rank5_mean": 0.828042328042328,
      "rank5_std": 0.007399004219895241,
      "mAP_mean": 0.7093191592416364,
      "mAP_std": 0.010142311139550032,
      "eer_mean": 0.11532508966965896,
      "eer_std": 0.0024350329264107387
    }
  },
  "wilcoxon_comparison": {
    "WS": {
      "rank1": {
        "statistic": 3.5,
        "p_value": 0.4375,
        "n": 5,
        "mean_a": 0.7431111111111111,
        "mean_b": 0.736,
        "mean_diff": -0.007111111111111068,
        "significant": false
      },
      "rank5": {
        "statistic": 4.5,
        "p_value": 0.625,
        "n": 5,
        "mean_a": 0.9039999999999999,
        "mean_b": 0.9,
        "mean_diff": -0.0039999999999998925,
        "significant": false
      },
      "mAP": {
        "statistic": 4.0,
        "p_value": 0.4375,
        "n": 5,
        "mean_a": 0.8142710265642565,
        "mean_b": 0.8101333793954855,
        "mean_diff": -0.004137647168771075,
        "significant": false
      },
      "eer": {
        "statistic": 3.0,
        "p_value": 0.3125,
        "n": 5,
        "mean_a": 0.07709862671660425,
        "mean_b": 0.08205992509363297,
        "mean_diff": 0.004961298377028717,
        "significant": false
      }
    },
    "BGHT": {
      "rank1": {
        "statistic": 5.0,
        "p_value": 1.0,
        "n": 5,
        "mean_a": 0.5133333333333333,
        "mean_b": 0.5111111111111111,
        "mean_diff": -0.0022222222222222365,
        "significant": false
      },
      "rank5": {
        "statistic": 4.0,
        "p_value": 0.875,
        "n": 5,
        "mean_a": 0.788888888888889,
        "mean_b": 0.7833333333333333,
        "mean_diff": -0.005555555555555647,
        "significant": false
      },
      "mAP": {
        "statistic": 7.0,
        "p_value": 1.0,
        "n": 5,
        "mean_a": 0.6386206930531487,
        "mean_b": 0.6332924913883681,
        "mean_diff": -0.005328201664780652,
        "significant": false
      },
      "eer": {
        "statistic": 6.0,
        "p_value": 0.8125,
        "n": 5,
        "mean_a": 0.14125235404896425,
        "mean_b": 0.15310734463276837,
        "mean_diff": 0.011854990583804126,
        "significant": false
      }
    },
    "CL": {
      "rank1": {
        "statistic": 7.0,
        "p_value": 1.0,
        "n": 5,
        "mean_a": 0.5711111111111111,
        "mean_b": 0.5666666666666667,
        "mean_diff": -0.004444444444444473,
        "significant": false
      },
      "rank5": {
        "statistic": 7.0,
        "p_value": 1.0,
        "n": 5,
        "mean_a": 0.8688888888888888,
        "mean_b": 0.8666666666666666,
        "mean_diff": -0.0022222222222222365,
        "significant": false
      },
      "mAP": {
        "statistic": 7.0,
        "p_value": 1.0,
        "n": 5,
        "mean_a": 0.6975625880292546,
        "mean_b": 0.6966689438872101,
        "mean_diff": -0.000893644142044514,
        "significant": false
      },
      "eer": {
        "statistic": 6.0,
        "p_value": 0.8125,
        "n": 5,
        "mean_a": 0.15839080459770116,
        "mean_b": 0.1564367816091954,
        "mean_diff": -0.001954022988505749,
        "significant": false
      }
    },
    "MP": {
      "rank1": {
        "statistic": 3.5,
        "p_value": 0.875,
        "n": 5,
        "mean_a": 0.8333333333333334,
        "mean_b": 0.8444444444444444,
        "mean_diff": 0.011111111111111072,
        "significant": false
      },
      "rank5": {
        "statistic": 3.0,
        "p_value": 1.0,
        "n": 5,
        "mean_a": 0.9644444444444444,
        "mean_b": 0.9622222222222222,
        "mean_diff": -0.0022222222222222365,
        "significant": false
      },
      "mAP": {
        "statistic": 4.0,
        "p_value": 0.4375,
        "n": 5,
        "mean_a": 0.892009388509147,
        "mean_b": 0.9004985737332143,
        "mean_diff": 0.008489185224067275,
        "significant": false
      },
      "eer": {
        "statistic": 4.0,
        "p_value": 0.4375,
        "n": 5,
        "mean_a": 0.0824904214559387,
        "mean_b": 0.09206896551724138,
        "mean_diff": 0.00957854406130268,
        "significant": false
      }
    },
    "ALL": {
      "rank1": {
        "statistic": 4.0,
        "p_value": 0.4375,
        "n": 5,