{
  "Custom backbone": {
    "WS": {
      "rank1_mean": 0.7431111111111111,
      "rank1_std": 0.009173229973577932,
      "rank5_mean": 0.9039999999999999,
      "rank5_std": 0.008243216440440635,
      "mAP_mean": 0.8142710265642565,
      "mAP_std": 0.007516966280043567,
      "eer_mean": 0.07709862671660425,
      "eer_std": 0.005714769461313659
    },
    "BGHT": {
      "rank1_mean": 0.5133333333333333,
      "rank1_std": 0.02712567914607488,
      "rank5_mean": 0.788888888888889,
      "rank5_std": 0.013146843962443583,
      "mAP_mean": 0.6386206930531487,
      "mAP_std": 0.019049024094000083,
      "eer_mean": 0.14125235404896425,
      "eer_std": 0.009957394493594198
    },
    "CL": {
      "rank1_mean": 0.5711111111111111,
      "rank1_std": 0.03189488909868296,
      "rank5_mean": 0.8688888888888888,
      "rank5_std": 0.026666666666666658,
      "mAP_mean": 0.6975625880292546,
      "mAP_std": 0.02215250437899794,
      "eer_mean": 0.15839080459770116,
      "eer_std": 0.009292589853520798
    },
    "MP": {
      "rank1_mean": 0.8333333333333334,
      "rank1_std": 0.03296088216486958,
      "rank5_mean": 0.9644444444444444,
      "rank5_std": 0.008314794192830951,
      "mAP_mean": 0.892009388509147,
      "mAP_std": 0.019793429116890176,
      "eer_mean": 0.0824904214559387,
      "eer_std": 0.011276741451122507
    },
    "ALL": {
      "rank1_mean": 0.6181657848324515,
      "rank1_std": 0.010857667704847536,
      "rank5_mean": 0.8354497354497354,
      "rank5_std": 0.010794457670616814,
      "mAP_mean": 0.7151685955396323,
      "mAP_std": 0.010295728985636174,
      "eer_mean": 0.11019757049719595,
      "eer_std": 0.004074468857174158
    },
    "gender": {
      "balanced_accuracy_mean": 0.8429653679653679,
      "balanced_accuracy_std": 0.01416633181802769,
      "F1_Male_mean": 0.8518078748656694,
      "F1_Male_std": 0.026825567123427728,
      "F1_Female_mean": 0.8058977618821132,
      "F1_Female_std": 0.016659531095846652,
      "linear_probe_Fm_mean": 0.9236363625526428,
      "linear_probe_Fm_std": 0.016109134214363448,
      "linear_probe_Fk_mean": 0.5972727322578429,
      "linear_probe_Fk_std": 0.006165751462225496,
      "gap_mean": 0.3263636302947998,
      "gap_std": 0.020000000216747107
    }
  },
  "GaitBase backbone": {
    "WS": {
      "rank1_mean": 0.8097777777777777,
      "rank1_std": 0.00979795897113271,
      "rank5_mean": 0.9333333333333333,
      "rank5_std": 0.00743697801363621,
      "mAP_mean": 0.8649504644849678,
      "mAP_std": 0.00848409719634988,
      "eer_mean": 0.05746317103620474,
      "eer_std": 0.005428845231544777
    },
    "BGHT": {
      "rank1_mean": 0.5777777777777777,
      "rank1_std": 0.012668615834434871,
      "rank5_mean": 0.8377777777777778,
      "rank5_std": 0.02119864892037658,
      "mAP_mean": 0.6948698760304265,
      "mAP_std": 0.008620856501107747,
      "eer_mean": 0.12354990583804144,
      "eer_std": 0.0038536752199747307
    },
    "CL": {
      "rank1_mean": 0.5955555555555556,
      "rank1_std": 0.02948110924760358,
      "rank5_mean": 0.8933333333333333,
      "rank5_std": 0.026851213274654593,
      "mAP_mean": 0.7275778439220467,
      "mAP_std": 0.02157156340973072,
      "eer_mean": 0.1396934865900383,
      "eer_std": 0.01100717672924098
    },
    "MP": {
      "rank1_mean": 0.9,
      "rank1_std": 0.023306863292670055,
      "rank5_mean": 0.971111111111111,
      "rank5_std": 0.008888888888888858,
      "mAP_mean": 0.9327841985574864,
      "mAP_std": 0.014806476199450745,
      "eer_mean": 0.056781609195402295,
      "eer_std": 0.008714769737600384
    },
    "ALL": {
      "rank1_mean": 0.6615520282186949,
      "rank1_std": 0.011270931434688151,
      "rank5_mean": 0.8527336860670193,
      "rank5_std": 0.010478624887134346,
      "mAP_mean": 0.7478828927349239,
      "mAP_std": 0.00951246567258537,
      "eer_mean": 0.09877534034837405,
      "eer_std": 0.005436857989953
    },
    "gender": {
      "balanced_accuracy_mean": 0.9096320346320347,
      "balanced_accuracy_std": 0.005828100440621784,
      "F1_Male_mean": 0.9169226655899732,
      "F1_Male_std": 0.007032789568172768,
      "F1_Female_mean": 0.8827457920814309,
      "F1_Female_std": 0.007199871258576385,
      "linear_probe_Fm_mean": 0.9781818270683289,
      "linear_probe_Fm_std": 0.0072727322578449724,
      "linear_probe_Fk_mean": 0.6090909147262573,
      "linear_probe_Fk_std": 0.007606000111691365,
      "gap_mean": 0.36909091234207153,
      "gap_std": 0.010523489591356055
    }
  },
  "wilcoxon_comparison": {
    "WS": {
      "rank1": {
        "statistic": 0.0,
        "p_value": 0.0625,
        "n": 5,
        "mean_a": 0.7431111111111111,
        "mean_b": 0.8097777777777777,
        "mean_diff": 0.06666666666666665,
        "significant": false
      },
      "rank5": {
        "statistic": 0.0,
        "p_value": 0.0625,
        "n": 5,
        "mean_a": 0.9039999999999999,
        "mean_b": 0.9333333333333333,
        "mean_diff": 0.029333333333333433,
        "significant": false
      },
      "mAP": {
        "statistic": 0.0,
        "p_value": 0.0625,
        "n": 5,
        "mean_a": 0.8142710265642565,
        "mean_b": 0.8649504644849678,
        "mean_diff": 0.05067943792071128,
        "significant": false
      },
      "eer": {
        "statistic": 0.0,
        "p_value": 0.0625,
        "n": 5,
        "mean_a": 0.07709862671660425,
        "mean_b": 0.05746317103620474,
        "mean_diff": -0.01963545568039951,
        "significant": false
      }
    },
    "BGHT": {
      "rank1": {
        "statistic": 0.0,
        "p_value": 0.0625,
        "n": 5,
        "mean_a": 0.5133333333333333,
        "mean_b": 0.5777777777777777,
        "mean_diff": 0.06444444444444442,
        "significant": false
      },
      "rank5": {
        "statistic": 0.0,
        "p_value": 0.0625,
        "n": 5,
        "mean_a": 0.788888888888889,
        "mean_b": 0.8377777777777778,
        "mean_diff": 0.04888888888888887,
        "significant": false
      },
      "mAP": {
        "statistic": 0.0,
        "p_value": 0.0625,
        "n": 5,
        "mean_a": 0.6386206930531487,
        "mean_b": 0.6948698760304265,
        "mean_diff": 0.05624918297727777,
        "significant": false
      },
      "eer": {
        "statistic": 1.0,
        "p_value": 0.125,
        "n": 5,
        "mean_a": 0.14125235404896425,
        "mean_b": 0.12354990583804144,
        "mean_diff": -0.017702448210922803,
        "significant": false
      }
    },
    "CL": {
      "rank1": {
        "statistic": 3.0,
        "p_value": 0.625,
        "n": 5,
        "mean_a": 0.5711111111111111,
        "mean_b": 0.5955555555555556,
        "mean_diff": 0.02444444444444449,
        "significant": false
      },
      "rank5": {
        "statistic": 0.0,
        "p_value": 0.125,
        "n": 5,
        "mean_a": 0.8688888888888888,
        "mean_b": 0.8933333333333333,
        "mean_diff": 0.02444444444444449,
        "significant": false
      },
      "mAP": {
        "statistic": 1.0,
        "p_value": 0.125,
        "n": 5,
        "mean_a": 0.6975625880292546,
        "mean_b": 0.7275778439220467,
        "mean_diff": 0.03001525589279208,
        "significant": false
      },
      "eer": {
        "statistic": 0.0,
        "p_value": 0.0625,
        "n": 5,
        "mean_a": 0.15839080459770116,
        "mean_b": 0.1396934865900383,
        "mean_diff": -0.01869731800766286,
        "significant": false
      }
    },
    "MP": {
      "rank1": {
        "statistic": 1.0,
        "p_value": 0.125,
        "n": 5,
        "mean_a": 0.8333333333333334,
        "mean_b": 0.9,
        "mean_diff": 0.06666666666666665,
        "significant": false
      },
      "rank5": {
        "statistic": 3.0,
        "p_value": 0.625,
        "n": 5,
        "mean_a": 0.9644444444444444,
        "mean_b": 0.971111111111111,
        "mean_diff": 0.006666666666666599,
        "significant": false
      },