{
  "Full model (graph)": {
    "WS": {
      "rank1_mean": 0.7431111111111111,
      "rank1_std": 0.009173229973577932,
      "rank5_mean": 0.9039999999999999,
      "rank5_std": 0.008243216440440635,
      "mAP_mean": 0.8142710265642565,
      "mAP_std": 0.007516966280043567,
      "eer_mean": 0.07709862671660425,
      "eer_std": 0.005714769461313659
    },
    "BGHT": {
      "rank1_mean": 0.5133333333333333,
      "rank1_std": 0.02712567914607488,
      "rank5_mean": 0.788888888888889,
      "rank5_std": 0.013146843962443583,
      "mAP_mean": 0.6386206930531487,
      "mAP_std": 0.019049024094000083,
      "eer_mean": 0.14125235404896425,
      "eer_std": 0.009957394493594198
    },
    "CL": {
      "rank1_mean": 0.5711111111111111,
      "rank1_std": 0.03189488909868296,
      "rank5_mean": 0.8688888888888888,
      "rank5_std": 0.026666666666666658,
      "mAP_mean": 0.6975625880292546,
      "mAP_std": 0.02215250437899794,
      "eer_mean": 0.15839080459770116,
      "eer_std": 0.009292589853520798
    },
    "MP": {
      "rank1_mean": 0.8333333333333334,
      "rank1_std": 0.03296088216486958,
      "rank5_mean": 0.9644444444444444,
      "rank5_std": 0.008314794192830951,
      "mAP_mean": 0.892009388509147,
      "mAP_std": 0.019793429116890176,
      "eer_mean": 0.0824904214559387,
      "eer_std": 0.011276741451122507
    },
    "ALL": {
      "rank1_mean": 0.6181657848324515,
      "rank1_std": 0.010857667704847536,
      "rank5_mean": 0.8354497354497354,
      "rank5_std": 0.010794457670616814,
      "mAP_mean": 0.7151685955396323,
      "mAP_std": 0.010295728985636174,
      "eer_mean": 0.11019757049719595,
      "eer_std": 0.004074468857174158
    },
    "gender": {
      "balanced_accuracy_mean": 0.8429653679653679,
      "balanced_accuracy_std": 0.01416633181802769,
      "F1_Male_mean": 0.8518078748656694,
      "F1_Male_std": 0.026825567123427728,
      "F1_Female_mean": 0.8058977618821132,
      "F1_Female_std": 0.016659531095846652,
      "linear_probe_Fm_mean": 0.9236363625526428,
      "linear_probe_Fm_std": 0.016109134214363448,
      "linear_probe_Fk_mean": 0.5972727322578429,
      "linear_probe_Fk_std": 0.006165751462225496,
      "gap_mean": 0.3263636302947998,
      "gap_std": 0.020000000216747107
    }
  },
  "No graph (ablation)": {
    "WS": {
      "rank1_mean": 0.7466666666666667,
      "rank1_std": 0.013109227736669006,
      "rank5_mean": 0.8942222222222223,
      "rank5_std": 0.010193195503270856,
      "mAP_mean": 0.814548020553066,
      "mAP_std": 0.007695587823932453,
      "eer_mean": 0.08357802746566792,
      "eer_std": 0.004024784461846822
    },
    "BGHT": {
      "rank1_mean": 0.5088888888888888,
      "rank1_std": 0.011967032904743349,
      "rank5_mean": 0.781111111111111,
      "rank5_std": 0.015153535218873158,
      "mAP_mean": 0.6347037873867378,
      "mAP_std": 0.00983117304712391,
      "eer_mean": 0.15148775894538608,
      "eer_std": 0.01164744224403337
    },
    "CL": {
      "rank1_mean": 0.5577777777777777,
      "rank1_std": 0.03173968190463489,
      "rank5_mean": 0.8533333333333335,
      "rank5_std": 0.029313124351717585,
      "mAP_mean": 0.6866349552293824,
      "mAP_std": 0.023576109586850635,
      "eer_mean": 0.15440613026819924,
      "eer_std": 0.013581281130088965
    },
    "MP": {
      "rank1_mean": 0.86,
      "rank1_std": 0.011331154474650641,
      "rank5_mean": 0.9577777777777777,
      "rank5_std": 0.014740554623801761,
      "mAP_mean": 0.9043684356011605,
      "mAP_std": 0.0075246696446311144,
      "eer_mean": 0.08800766283524904,
      "eer_std": 0.01726503273195671
    },
    "ALL": {
      "rank1_mean": 0.6137566137566137,
      "rank1_std": 0.006358996958490272,
      "rank5_mean": 0.8255731922398588,
      "rank5_std": 0.008842999038251628,
      "mAP_mean": 0.7105158213536905,
      "mAP_std": 0.0034413098307933035,
      "eer_mean": 0.11628222658185203,
      "eer_std": 0.004878972821428106
    },
    "gender": {
      "balanced_accuracy_mean": 0.8371212121212122,
      "balanced_accuracy_std": 0.024306116084207446,
      "F1_Male_mean": 0.8683991686070718,
      "F1_Male_std": 0.010752199222776204,
      "F1_Female_mean": 0.7976912164829667,
      "F1_Female_std": 0.031266293921725405,
      "linear_probe_Fm_mean": 0.9254545521736146,
      "linear_probe_Fm_std": 0.016414063377758865,
      "linear_probe_Fk_mean": 0.5936363673210144,
      "linear_probe_Fk_std": 0.0054545474052455425,
      "gap_mean": 0.33181818485260006,
      "gap_std": 0.020928846730657123
    }
  },
  "wilcoxon_comparison": {
    "WS": {
      "rank1": {
        "statistic": 6.0,
        "p_value": 0.8125,
        "n": 5,
        "mean_a": 0.7431111111111111,
        "mean_b": 0.7466666666666667,
        "mean_diff": 0.003555555555555645,
        "significant": false
      },
      "rank5": {
        "statistic": 3.0,
        "p_value": 0.3125,
        "n": 5,
        "mean_a": 0.9039999999999999,
        "mean_b": 0.8942222222222223,
        "mean_diff": -0.009777777777777663,
        "significant": false
      },
      "mAP": {
        "statistic": 7.0,
        "p_value": 1.0,
        "n": 5,
        "mean_a": 0.8142710265642565,
        "mean_b": 0.814548020553066,
        "mean_diff": 0.0002769939888094264,
        "significant": false
      },
      "eer": {
        "statistic": 0.0,
        "p_value": 0.0625,
        "n": 5,
        "mean_a": 0.07709862671660425,
        "mean_b": 0.08357802746566792,
        "mean_diff": 0.0064794007490636685,
        "significant": false
      }
    },
    "BGHT": {
      "rank1": {
        "statistic": 7.0,
        "p_value": 1.0,
        "n": 5,
        "mean_a": 0.5133333333333333,
        "mean_b": 0.5088888888888888,
        "mean_diff": -0.004444444444444473,
        "significant": false
      },
      "rank5": {
        "statistic": 3.0,
        "p_value": 0.3125,
        "n": 5,
        "mean_a": 0.788888888888889,
        "mean_b": 0.781111111111111,
        "mean_diff": -0.007777777777777994,
        "significant": false
      },
      "mAP": {
        "statistic": 5.0,
        "p_value": 0.625,
        "n": 5,
        "mean_a": 0.6386206930531487,
        "mean_b": 0.6347037873867378,
        "mean_diff": -0.003916905666410897,
        "significant": false
      },
      "eer": {
        "statistic": 4.0,
        "p_value": 0.4375,
        "n": 5,
        "mean_a": 0.14125235404896425,
        "mean_b": 0.15148775894538608,
        "mean_diff": 0.01023540489642183,
        "significant": false
      }
    },
    "CL": {
      "rank1": {
        "statistic": 4.0,
        "p_value": 0.4375,
        "n": 5,
        "mean_a": 0.5711111111111111,
        "mean_b": 0.5577777777777777,
        "mean_diff": -0.01333333333333342,
        "significant": false
      },
      "rank5": {
        "statistic": 5.0,
        "p_value": 0.625,
        "n": 5,
        "mean_a": 0.8688888888888888,
        "mean_b": 0.8533333333333335,
        "mean_diff": -0.015555555555555323,
        "significant": false
      },
      "mAP": {
        "statistic": 2.0,
        "p_value": 0.1875,
        "n": 5,
        "mean_a": 0.6975625880292546,
        "mean_b": 0.6866349552293824,
        "mean_diff": -0.010927632799872189,
        "significant": false
      },
      "eer": {
        "statistic": 5.5,
        "p_value": 0.8125,
        "n": 5,
        "mean_a": 0.15839080459770116,
        "mean_b": 0.15440613026819924,
        "mean_diff": -0.003984674329501919,
        "significant": false
      }
    },
    "MP": {
      "rank1": {
        "statistic": 1.5,
        "p_value": 0.1875,
        "n": 5,
        "mean_a": 0.8333333333333334,
        "mean_b": 0.86,
        "mean_diff": 0.026666666666666616,
        "significant": false
      },
      "rank5": {
        "statistic": 4.0,
        "p_value": 0.4375,
        "n": 5,
        "mean_a": 0.9644444444444444,
        "mean_b": 0.9577777777777777,
        "mean_diff": -0.00666666666666671,